situation,relationship,personA,personB,adjective,logit_3,prob_3,logprob_3,logit_1,prob_1,logprob_1,logit_5,prob_5,logprob_5,logit_2,prob_2,logprob_2,logit_4,prob_4,logprob_4,pred_top1
Kuchen,Enge Freundin,Luisa,Sophie,großartig,-0.8205836432121218,0.4649832412102576,-0.7657539142372385,-3.523535074486536,0.031157342547125298,-3.4687053425171976,-2.3622344153068484,0.09951920020518468,-2.3074046855421955,-1.661625208153528,0.2005291854687447,-1.6067954788950258,-1.645391763939661,0.20381103056868777,-1.5905620346891884,3
Kuchen,Enge Freundin,Miriam,Sophie,gut,-0.7347299591215398,0.5001602151856451,-0.6928268013155664,-3.7314569488676335,0.02498314725416341,-3.6895537872588977,-3.1588155761869694,0.044293717967869004,-3.1169124163232755,-1.2441007629545475,0.3005330326727754,-1.202197605015768,-2.081894113174274,0.13002988691954703,-2.039990954799183,3
Kuchen,Enge Freundin,Anna,Sophie,okay,-0.7564701969023345,0.4881180500019533,-0.71719799643689,-2.957931988894522,0.05400601829967632,-2.9186597867823005,-3.414963238894522,0.034194480438214284,-3.3756910357094974,-1.1473069126005766,0.33020727608871175,-1.1080347120371603,-2.4093422824736237,0.09347417517144432,-2.3700700811432336,3
Kuchen,Enge Freundin,Miriam,Luisa,schlecht,-0.7160735936829732,0.5142207982565057,-0.6651025369782531,-3.177337250299184,0.043876948242743755,-3.126366191509832,-3.4397159429261372,0.03375101167977288,-3.388744883453012,-1.208263001031606,0.3143362693761102,-1.1572919442032243,-2.417401871270864,0.09381497244486736,-2.3664308136946848,3
Kuchen,Enge Freundin,Luisa,Katharina,schrecklich,-0.7126553611120148,0.5265212079657857,-0.6414636669928101,-4.0204079703649445,0.01926979805377437,-3.949216271246198,-3.3019002036413116,0.039529481842634516,-3.230708507182275,-1.287474925931351,0.2963295106977778,-1.21628323166461,-2.2053006247838898,0.11835000144002755,-2.13410893000966,3
Kuchen,Entfernte Kollegin,Miriam,Luisa,großartig,-0.7571825363966215,0.5040131331289782,-0.6851529532562677,-3.4536375382276763,0.033992751941402194,-3.381607952343926,-2.865981517109512,0.0611789603215313,-2.793951932533017,-1.402886805805801,0.264250642489758,-1.330857222485426,-2.0629877426954497,0.13656451211833026,-1.9909581590212484,3
Kuchen,Entfernte Kollegin,Miriam,Luisa,gut,-0.6205819598294445,0.5709905348687789,-0.5603826457003286,-3.7246545306302257,0.02561812380945321,-3.6644552127727574,-3.4318517199612804,0.034332858623805536,-3.371652403094637,-1.4071439257718272,0.26003355156331426,-1.34694461143328,-2.276378010854835,0.10902493113464798,-2.2161786959836323,3
Kuchen,Entfernte Kollegin,Miriam,Anna,okay,-0.6314403705186317,0.5591247151192289,-0.5813827265621785,-3.9932892016953896,0.019385468152268052,-3.943231552759284,-3.8697464160508583,0.021934626495989592,-3.819688767714254,-1.2205955676621865,0.31020003237095817,-1.1705379235622115,-2.4651939563340615,0.0893551578615554,-2.4151363114373297,3
Kuchen,Entfernte Kollegin,Miriam,Sophie,schlecht,-0.8000283073165722,0.463461477969174,-0.769032008392003,-3.3159622977950876,0.037441858129152544,-3.2849659964154787,-3.4593853782394235,0.032439155604417354,-3.4283890764479277,-1.0522713493087597,0.3601354563730668,-1.0212750503222847,-2.2703995536544626,0.10652205192418925,-2.239403254006888,3
Kuchen,Entfernte Kollegin,Anna,Katharina,schrecklich,-0.725500162358458,0.5196810743984175,-0.6545399738355268,-3.9276733953906846,0.021137359598792115,-3.856713202329219,-3.0408020575000596,0.0513114236084492,-2.96984186722067,-1.3085938055469346,0.2900698226518776,-1.2376336168716844,-2.209724481816466,0.11780031974246366,-2.1387642926370662,3
Kuchen,Lockere Chefin,Miriam,Sophie,großartig,-0.7970128928156233,0.46958090826530696,-0.7559146663941229,-3.7846380148859358,0.02367016727124649,-3.743539784452664,-2.6684614096613264,0.07226877071469978,-2.6273631820690584,-1.462053862664256,0.24148313650706277,-1.4209556360416038,-1.6861787711115217,0.19299701724168403,-1.6450805443848344,3
Kuchen,Lockere Chefin,Miriam,Anna,gut,-0.676520087753312,0.5439232778356029,-0.6089470752789246,-3.7076785350189367,0.026249573892881222,-3.6401055189188134,-3.5607268596038977,0.030404828610438337,-3.4931538440244085,-1.3729026103363198,0.2710831718357578,-1.3053295976768913,-2.120651938949601,0.1283391478253197,-2.0530789258798774,3
Kuchen,Lockere Chefin,Sophie,Katharina,okay,-0.5758614954331366,0.586607523487373,-0.5333992967669051,-3.9820828852036447,0.019455593111013834,-3.939620681567975,-3.904198211131379,0.021031456938034345,-3.8617360078808374,-1.3307691034653633,0.27573723744896667,-1.2883069046069393,-2.373774093089387,0.09716818901461219,-2.331311893564484,3
Kuchen,Lockere Chefin,Sophie,Miriam,schlecht,-0.7326041212216641,0.4957752033201862,-0.7016326739028571,-3.4955206861630708,0.031287105253680544,-3.464549235849763,-3.8071280470029145,0.022910576941338818,-3.776156595521016,-1.1397067060605313,0.3299760315112794,-1.1087352586403763,-2.1508093824521333,0.12005108297351502,-2.119837934502052,3
Kuchen,Lockere Chefin,Luisa,Anna,schrecklich,-0.7413047129268755,0.5094386812448336,-0.6744457842100983,-3.112219172155391,0.047579168807137896,-3.045360241533148,-3.5044272715206253,0.03214275051980536,-3.4375683398890216,-1.3093722635860552,0.2886578116702382,-1.2425133347191417,-2.1691058451290237,0.12218158775798488,-2.102246915790087,3
Kuchen,Gefürchtete Chefin,Sophie,Katharina,großartig,-0.7212309448551454,0.5088706853436417,-0.6755613508121981,-4.3200773804020205,0.013920290061304321,-4.2744077793718285,-2.6290239898990904,0.07552025383011217,-2.5833543947285085,-1.6214880554508486,0.2068381942635944,-1.5758184611209454,-1.6811918823551455,0.1948505765013474,-1.635522287995498,3
Kuchen,Gefürchtete Chefin,Luisa,Sophie,gut,-0.7331724577005619,0.5014943787003663,-0.6901628804159141,-3.54985527325232,0.029991367276890637,-3.506845692832783,-2.90007499981482,0.05743706670098351,-2.85706542098854,-1.5327272825296634,0.22543628599391707,-1.4897177050008352,-1.7269506864603275,0.1856409013278424,-1.6839411088364091,3
Kuchen,Gefürchtete Chefin,Luisa,Miriam,okay,-0.5595967575459899,0.6006340433523354,-0.5097694426344731,-3.834886293068451,0.02270752348557284,-3.785058973919598,-4.059335450783294,0.01814231659428915,-4.009508130526293,-1.4860570236592712,0.23782273139228782,-1.4362297084937639,-2.1643292709737243,0.12069338517551485,-2.1145019554001525,3
Kuchen,Gefürchtete Chefin,Anna,Sophie,schlecht,-0.7732987954637571,0.47925924964094924,-0.7355135967920362,-3.4194951608202024,0.03398928461717638,-3.3817099594150335,-3.4396386697313353,0.03331147085245366,-3.401853468266301,-1.0873704507371948,0.35008291509834616,-1.0495852519884825,-2.3073506906053587,0.10335707979107468,-2.269565491174774,3
Kuchen,Gefürchtete Chefin,Miriam,Luisa,schrecklich,-0.6879995392293978,0.5324725979370715,-0.6302238418079328,-3.3535059021444367,0.037040987658594475,-3.295730202211063,-3.227741055342679,0.04200505301270873,-3.169965355728351,-1.352712445113187,0.27391518950007915,-1.2949367475144484,-2.2243783997030304,0.1145661718915462,-2.1666027015965104,3
Lied,Enge Freundin,Anna,Luisa,großartig,-1.0314996499427065,0.4663498027120849,-0.7628192766418083,-3.49751260465462,0.03960371976917519,-3.228832229043138,-3.083045746744464,0.05994274791851777,-2.8143653719897386,-1.474353577555011,0.29949031341559534,-1.2056732041346432,-2.2740285653479795,0.13461341618462677,-2.0053481915186446,3
Lied,Enge Freundin,Sophie,Miriam,gut,-0.7756719623189898,0.5141423643944755,-0.6652550781524524,-3.8657407794576617,0.023392872536215255,-3.7553238912108164,-3.81241512638149,0.024674172198557175,-3.70199823835663,-1.1878156695943807,0.3404800363110262,-1.0773987853286389,-2.4402647052389117,0.09731055455972595,-2.329847820239235,3
Lied,Enge Freundin,Katharina,Luisa,okay,-0.8070741125688498,0.5397279425524196,-0.6166900762815952,-3.4390988775834983,0.03882407086930498,-3.2487148389058005,-3.47199110475635,0.03756783417980221,-3.2816070659925223,-1.4993768164262717,0.27009196136541325,-1.3089927799540515,-2.3638005682573264,0.11378819103306005,-2.1734165312765246,3
Lied,Enge Freundin,Luisa,Sophie,schlecht,-0.8818953685612139,0.48401000033285,-0.7256497104276195,-3.4448245220035965,0.03730682981715033,-3.288578861396135,-3.8989871196598465,0.023689071348373756,-3.742741457511504,-1.114845579132503,0.3834293416377924,-0.9585999209447116,-2.7933982066959793,0.07156475686383351,-2.6371525473716564,3
Lied,Enge Freundin,Anna,Luisa,schrecklich,-0.9407400724973731,0.5076332252892499,-0.677996089434459,-3.5155024168577245,0.03866739911895096,-3.252758431405645,-3.313827001818662,0.04730766154277273,-3.051083016838918,-1.4016241667356542,0.3201773609152056,-1.1388801835574056,-2.7136625883665135,0.08621435313382077,-2.4509186043406923,3
Lied,Entfernte Kollegin,Anna,Sophie,großartig,-1.0286065261088588,0.41044738144326814,-0.8905075396861786,-3.6562539260112024,0.02965409831960557,-3.518154936459944,-2.892698399277804,0.06363450571319879,-2.754599411527286,-1.1702691237651086,0.3562330463993724,-1.0321701373053498,-2.103990666123507,0.14003096812455507,-1.9658916792303356,3
Lied,Entfernte Kollegin,Miriam,Anna,gut,-0.9182599017433264,0.4836492142224125,-0.7263953988304251,-3.7744420001319985,0.027803941231248873,-3.582577493829246,-4.013499541025553,0.02189197739391767,-3.8216350337515297,-1.1424324939064123,0.38652142032862014,-0.9505679909415545,-2.715926451425944,0.08013344682380083,-2.524061947471886,3
Lied,Entfernte Kollegin,Luisa,Sophie,okay,-0.6565083657674821,0.5855266115799773,-0.5352436457731794,-3.8509816323690447,0.023999628868997494,-3.729716908378797,-3.806689182417873,0.025086524172060188,-3.6854244586081526,-1.3790291940145525,0.284288851716523,-1.2577644738392812,-2.633356968062404,0.0810983836624418,-2.5120922470058176,3
Lied,Entfernte Kollegin,Miriam,Luisa,schlecht,-0.8248280287574183,0.5064596890375402,-0.6803105455533339,-3.378186106760348,0.039412643081714646,-3.233668621216456,-3.6405934096167933,0.030316112970425795,-3.496075923311582,-1.2102440596412074,0.3444774745338888,-1.0657265763442771,-2.6786049605201137,0.07933408037643055,-2.534087476252986,3
Lied,Entfernte Kollegin,Miriam,Sophie,schrecklich,-0.9424466012568973,0.43761215738003717,-0.8264222460846954,-3.297387015685608,0.041529026573024805,-3.1813626583339647,-3.474999320373108,0.034770882040308135,-3.3589749625534497,-1.0242623208613895,0.4032341106738926,-0.9082379656697055,-2.606701743468811,0.0828538233327373,-2.4906773873181773,3
Lied,Lockere Chefin,Katharina,Anna,großartig,-1.128435984501122,0.39374920558140863,-0.9320411061613865,-3.116202250370263,0.05394407742401014,-2.919807370430725,-3.136130228885888,0.052879721462661955,-2.939735348909037,-1.2321328076212392,0.3549643455803888,-1.0357379292537539,-2.1311291607706533,0.14446264995153033,-1.9347342819926658,3
Lied,Lockere Chefin,Sophie,Luisa,gut,-0.8260572602955991,0.5188194479158429,-0.6561993407045887,-3.4737470796315364,0.03674000143145971,-3.303889157511443,-3.5500181367604426,0.03404200017818188,-3.38016021442463,-1.3362272432057554,0.3114958312069294,-1.1663693234864587,-2.483476465007513,0.09890271926758623,-2.3136185445981536,3
Lied,Lockere Chefin,Katharina,Miriam,okay,-0.7767569761907218,0.5292169867679767,-0.6363567481106664,-3.5282275419866203,0.03378199488636703,-3.387827311135367,-3.914858553949511,0.022949518431826556,-3.774458321701024,-1.322104189935839,0.30675559312999084,-1.1817039617187497,-2.3725650053655265,0.10729590678383892,-2.2321647765424277,3
Lied,Lockere Chefin,Anna,Sophie,schlecht,-1.0844238399611585,0.3861706249950083,-0.9514759732606288,-2.790909588252174,0.07009094108086855,-2.6579617203838795,-3.4748237728224867,0.035370543619283885,-3.3418759035536985,-1.024309933100807,0.4100967929997383,-0.8913620664153852,-2.4529731868849867,0.0982710973051011,-2.3200253194258167,2
Lied,Lockere Chefin,Katharina,Luisa,schrecklich,-0.986054356118772,0.4508963890403744,-0.7965177017034325,-3.005707676431272,0.05983461003975879,-2.8161710205664394,-3.112948353311155,0.05374999531605154,-2.9234116972571305,-1.2978658032623267,0.33011006525044795,-1.1083291487658384,-2.439444477578733,0.10540894035336726,-2.2499078224364877,3
Lied,Gefürchtete Chefin,Katharina,Anna,großartig,-1.1859217727270148,0.381786560347242,-0.9628935688149085,-3.011296375998499,0.06152767703293476,-2.7882681707230343,-3.5868331039037726,0.034603345866368804,-3.363804897363699,-1.1063643539037726,0.41340143924669964,-0.8833361500116972,-2.4423667037572883,0.10868097750675468,-2.2193384991869842,2
Lied,Gefürchtete Chefin,Katharina,Luisa,gut,-1.0532972754901542,0.4295872909170431,-0.8449303195187376,-2.9808237494891774,0.06250824607451154,-2.7724567921507535,-2.9655840339130055,0.06346814971712177,-2.7572170765987773,-1.3914873542255055,0.3063214009044934,-1.183120398160416,-2.1880361976092946,0.13811491238683013,-1.9796692411466248,3
Lied,Gefürchtete Chefin,Katharina,Sophie,okay,-0.7117368496301004,0.5307809340126088,-0.6334058963240368,-3.4044000423791236,0.035934081470027086,-3.3260690864785887,-3.8376466549279518,0.023299678848997758,-3.7593156975183852,-1.2232744015099832,0.318241914373435,-1.144943448078095,-2.467090777242405,0.09174339129493128,-2.3887598230347464,3
Lied,Gefürchtete Chefin,Katharina,Anna,schlecht,-1.1104410108506868,0.39333205867798376,-0.9331010905907429,-2.778146546739359,0.0742136913169754,-2.6008066253861934,-4.272048753160258,0.016660596590102494,-4.094708827152366,-1.01240710582139,0.4338453322012697,-0.8350671855851873,-2.679006379503031,0.08194832121366866,-2.501666458277044,2
Lied,Gefürchtete Chefin,Sophie,Katharina,schrecklich,-0.7986075915767732,0.5099156626069296,-0.67350993417975,-4.019619707055289,0.020353099891894332,-3.89452204494112,-3.553038362450797,0.03245370374874237,-3.4279407021685717,-1.301531557030875,0.30837648153038966,-1.1764338995056838,-2.1738078631832187,0.1289010522220441,-2.0487102052065174,3
Film,Enge Freundin,Sophie,Anna,großartig,-1.0390518947773204,0.444799106901629,-0.8101325436880024,-3.608504180543922,0.034061593162020926,-3.3795848267435664,-2.983441238039039,0.06363943922830158,-2.754521885603189,-1.4112824245624767,0.3065534735608621,-1.1823630733717718,-2.1197499080829845,0.15094638714718647,-1.8908305565560002,3
Film,Enge Freundin,Luisa,Sophie,gut,-0.7014975640398462,0.558891660829618,-0.5817996333230423,-3.78279257746758,0.02565300277592429,-3.6630946430315228,-3.3525920006853536,0.039443182112076196,-3.232894067612183,-1.5103812310320337,0.2489051694862656,-1.390683300092396,-2.1824240777117208,0.12710698479611596,-2.062726146387104,3
Film,Enge Freundin,Miriam,Katharina,okay,-0.7123756005121542,0.5615662001196017,-0.5770256128758696,-4.266120870287545,0.016070485584938628,-4.130770876606746,-3.0805606438471154,0.052590980023359574,-2.9452106544874375,-1.5534801079584433,0.24216641581595502,-1.4181301200872931,-2.1941585137201622,0.12760591845614505,-2.0588085254782884,3
Film,Enge Freundin,Sophie,Miriam,schlecht,-0.7193166341027636,0.5603493038963143,-0.5791949325722913,-4.1323491658410445,0.018458552523576012,-3.9922274590714895,-3.552168044014873,0.0329736558910764,-3.4120463396301366,-1.3390523518762012,0.30151646605526883,-1.198930650192532,-2.5853997792443653,0.0867020216337645,-2.4452780767389775,3
Film,Enge Freundin,Sophie,Katharina,schrecklich,-0.8320199966329918,0.5041679293283204,-0.6848458730971727,-4.113413047780453,0.018944551199565535,-3.9662389191644176,-3.0238286971945154,0.0563228720144914,-2.876654572081565,-1.333818626393734,0.30524379217405223,-1.1866445027286545,-2.307211112966,0.11532085528357028,-2.1600369887613815,3
Film,Entfernte Kollegin,Miriam,Sophie,großartig,-0.8499350803949699,0.48062802726122383,-0.7326616399410801,-3.7783541935541494,0.025704717250831077,-3.6610807494179847,-2.7485785740473134,0.07198445156293921,-2.631305132412296,-1.3404574650385244,0.29429164168968214,-1.2231840244528966,-2.1777663487055166,0.12739116223532376,-2.0604929076747043,3
Film,Entfernte Kollegin,Katharina,Anna,gut,-1.0839888127988246,0.4458166596387633,-0.8078474882962271,-3.4332739385312467,0.042547566622735324,-3.1571326119026457,-3.3045660527890592,0.0483918083519331,-3.0284247264443036,-1.3240896733945278,0.3506564361987846,-1.0479483488310581,-2.46016564690527,0.11258752918778353,-2.1840243217387822,3
Film,Entfernte Kollegin,Anna,Katharina,okay,-0.8408672883443946,0.5217155119460088,-0.6506328357442854,-4.0543720796041605,0.02098100808842562,-3.864137622429511,-3.116647012465488,0.053588940826535064,-2.926412558190998,-1.6008236482076759,0.24399947732564498,-1.410589195389405,-2.0245983674459573,0.15971506181338543,-1.8343639144114083,3
Film,Entfernte Kollegin,Katharina,Sophie,schlecht,-0.8179900651411551,0.4870359407953866,-0.7194173580161347,-3.4406440263227958,0.03536363242974897,-3.3420713165753355,-3.173388243241741,0.04619814947630687,-3.0748155341574552,-1.2067821031050223,0.3301495992497229,-1.1082093958824326,-2.388708830399944,0.10125267804883456,-2.290136122492619,3
Film,Entfernte Kollegin,Sophie,Luisa,schrecklich,-0.87691803289076,0.5087526833147404,-0.6757932677139542,-3.583726123100721,0.033959000212570034,-3.3826013551757472,-3.4960243256153696,0.03707176832507999,-3.294899557937652,-1.2727367432179084,0.342456040563262,-1.0716119779456534,-2.755246356255018,0.07776050758434758,-2.554121589988772,3
Film,Lockere Chefin,Luisa,Miriam,großartig,-1.0399511675435726,0.4485768965384361,-0.8016751592511513,-3.537593684633416,0.03690834223846868,-3.299317673854507,-2.8842085222799003,0.07093917110118123,-2.645932512800748,-1.482217631776971,0.28824581928849136,-1.2439416233605507,-2.1004808764058773,0.15532977083342261,-1.8622048676925915,3
Film,Lockere Chefin,Sophie,Luisa,gut,-0.7681478553803414,0.5547243038819528,-0.5892840382387178,-3.8717187934906927,0.02490080923780482,-3.6928549725134054,-3.2090505653412786,0.04830661610137317,-3.030186746309815,-1.5647577339203802,0.25010013108733264,-1.3858939165591864,-2.282859235385224,0.12196813969153658,-2.1039954176039837,3
Film,Lockere Chefin,Katharina,Miriam,okay,-0.7663148973908047,0.5679418649378684,-0.5657362157845766,-3.776273164602719,0.02799597628690192,-3.575694479600623,-3.554866227957211,0.03493425031868795,-3.3542875436645367,-1.574468049856625,0.2531205634397676,-1.3738893680314026,-2.354680452200375,0.11600734501677408,-2.154101769908207,3
Film,Lockere Chefin,Katharina,Anna,schlecht,-1.0261008172889752,0.45301111551383855,-0.7918386160212564,-3.236151400174717,0.0496930994726564,-3.0018891971153914,-3.47844952639542,0.039000245993433526,-3.24418732278436,-1.2498843103309674,0.3621770460302966,-1.0156221090078856,-2.5764357477088966,0.09611849298977494,-2.3421735456215407,3
Film,Lockere Chefin,Miriam,Sophie,schrecklich,-0.7815306161085509,0.5147838051471599,-0.6640082620938396,-3.507787940327301,0.033699725518559875,-3.3902655835394624,-3.304104087177887,0.04131284818374605,-3.186581730936877,-1.2544252846876527,0.3208110588475335,-1.1369029305554876,-2.532240149799957,0.08939256230300051,-2.4147177948608407,3
Film,Gefürchtete Chefin,Luisa,Miriam,großartig,-0.8733065222502543,0.496718563791951,-0.6997316831119327,-3.879694232821543,0.02457269544157025,-3.7061193898149853,-2.8147909735441994,0.07127453739654507,-2.6412161332041735,-1.6394980047941996,0.230864766601354,-1.4659231654240452,-1.9076159094572855,0.1765694367685797,-1.7340410699539357,3
Film,Gefürchtete Chefin,Luisa,Anna,gut,-1.0381615232136034,0.5259173785551254,-0.6426111533821073,-3.857487923970439,0.031368924104321426,-3.4619375511412187,-3.585860497822978,0.04115910436133934,-3.1903101257520303,-1.621844537129619,0.2933777745551619,-1.2262941671474095,-2.6195385526325485,0.10817681842405184,-2.223988182066784,3
Film,Gefürchtete Chefin,Luisa,Katharina,okay,-0.7801751093828553,0.5666129366667714,-0.5680788595718033,-4.235903640266645,0.01788474094908098,-4.023807385040721,-3.336253066536176,0.0439739961262759,-3.1241568146275394,-1.8128766016924258,0.20173902908775151,-1.600780351562171,-1.9852932887041446,0.16978929717012015,-1.7731970384806144,3
Film,Gefürchtete Chefin,Miriam,Sophie,schlecht,-0.7447343350231687,0.5288606311242269,-0.6370303388777905,-3.7558045864880127,0.026040543489377246,-3.648100586691555,-3.298189687806372,0.04115187895226563,-3.190485689420057,-1.2730165005505123,0.31182519999718034,-1.1653125042735275,-2.4923482418835206,0.09212174643694984,-2.3846442448417084,3
Film,Gefürchtete Chefin,Luisa,Sophie,schrecklich,-0.8441291748476905,0.5000135578785782,-0.6931200649704199,-3.4998737274599954,0.035124210874650424,-3.34886461493568,-3.2211051880312844,0.046416695003532536,-3.070096076199611,-1.2968669830752295,0.3179510390212079,-1.14585787308344,-2.4486614166689797,0.100494497222031,-2.2976523059966247,3
Theater,Enge Freundin,Sophie,Anna,großartig,-1.0384364402366566,0.4595329939650246,-0.777544535487758,-3.7130332267356803,0.031677731471088336,-3.452141319047602,-2.721263436086266,0.085403215082945,-2.4603715303840636,-1.5855746543479847,0.2658872985040598,-1.324682749440599,-2.1092295920921256,0.15749876097688217,-1.8483376869259136,3
Theater,Enge Freundin,Anna,Katharina,gut,-0.8857831610102129,0.532169265081228,-0.6307936726111936,-4.682028735961385,0.011949817797998419,-4.427039239381947,-2.9127244604486897,0.070106835973843,-2.6577349708111857,-1.8947267187494707,0.19403102101970654,-1.6397372300229798,-1.9065885198969317,0.19174306012722397,-1.6515990311642912,3
Theater,Enge Freundin,Anna,Miriam,okay,-0.7393924242576174,0.5284974898361419,-0.6377172230943968,-4.053052092226368,0.019228208388387517,-3.9513768860516705,-3.1693469530662113,0.04652936073027433,-3.0676717499430257,-1.4888316637595707,0.24978456745930008,-1.3871564623852208,-1.9598285204490238,0.15596037358589632,-1.8581533188338302,3
Theater,Enge Freundin,Katharina,Luisa,schlecht,-0.8186827139389594,0.5100103546941523,-0.6733242499519334,-3.701550527049311,0.028547324408581883,-3.556192059755404,-3.138611836863764,0.0501240987747668,-2.9932533710777642,-1.4832525686752875,0.2623976691184649,-1.337894104503235,-2.0497007803452094,0.148920553004034,-1.9043423158827588,3
Theater,Enge Freundin,Anna,Sophie,schrecklich,-1.0437647988751795,0.38888060277073616,-0.944482915971668,-3.24368926786932,0.04309245370630244,-3.144407382902365,-2.69258949064764,0.07477231311818391,-2.5933076066638834,-1.0968577554181482,0.3687723095174839,-0.997575872500615,-2.1828734567120933,0.12448232088729361,-2.083591573262403,3
Theater,Entfernte Kollegin,Katharina,Anna,großartig,-1.084470403485595,0.4193210990785939,-0.8691183060652429,-4.002622258954345,0.02265736845689269,-3.7872701573588983,-2.5177303674748526,0.1000206844090354,-2.302378269293188,-1.6513706567814934,0.23787295280094453,-1.4360185591792294,-1.728898656659423,0.22012789525453352,-1.5135465590232702,3
Theater,Entfernte Kollegin,Sophie,Luisa,gut,-0.8661616388883371,0.5140736307119566,-0.665388773179441,-3.7694018427457587,0.028194482471190545,-3.568628973684594,-2.858431154879548,0.0701122121735292,-2.6576582879388915,-1.6468566004361886,0.23549072868971022,-1.446083734497172,-2.083799654635407,0.15212894595361345,-1.8830267884636986,3
Theater,Entfernte Kollegin,Miriam,Luisa,okay,-0.6776069348940162,0.5719286704286611,-0.5587409972512342,-4.135788316119602,0.018008302477982817,-4.016922373098673,-2.7287315076479226,0.07354442966300485,-2.609865568820265,-1.7216609662660864,0.20133299930495618,-1.602795028301462,-2.119972581256321,0.13518559812539485,-2.001106643048662,3
Theater,Entfernte Kollegin,Anna,Luisa,schlecht,-0.8837154916179837,0.4923755876532107,-0.7085134639812729,-3.6287334969890774,0.03163372535117827,-3.4535314663942804,-2.970970969523257,0.061067898596535705,-2.7957689404521218,-1.4229248574627105,0.2871579603800482,-1.2477228296808562,-2.2327660134685696,0.1277648280190271,-2.057563985252268,3
Theater,Entfernte Kollegin,Sophie,Luisa,schrecklich,-0.7889169153146731,0.5322108112993579,-0.6307156061026875,-3.950093596833228,0.022552884898329937,-3.791892283375115,-2.775197356598853,0.07302188796964189,-2.6169960462053106,-1.5483582910470952,0.24903620735533155,-1.390156981621457,-2.2523244317941655,0.12317820847733882,-2.0941231219582437,3
Theater,Lockere Chefin,Anna,Sophie,großartig,-1.0355189938446492,0.40003676771879654,-0.9161988165515064,-3.7850116391083213,0.025586473090080147,-3.6656914581568403,-2.485555996408126,0.09383326771622624,-2.3662358182992405,-1.3859332699676963,0.28178438493456087,-1.2666130925696493,-1.7349818844696494,0.19875910654033613,-1.615661706923362,3
Theater,Lockere Chefin,Katharina,Luisa,gut,-0.9586343799313228,0.4788230124070829,-0.7364242435730121,-3.7516374622067135,0.029321702835023132,-3.529427322646805,-2.7079153094967525,0.08326681626465046,-2.4857051721463286,-1.6866884265621822,0.23119857853387069,-1.4644782899801883,-1.9516153369625728,0.1773898899593728,-1.7294052002493776,3
Theater,Lockere Chefin,Sophie,Luisa,okay,-0.6942378247054429,0.5595406563358866,-0.5806390882117571,-3.924363251951537,0.022131252798883835,-3.810764511118072,-2.8639422619613026,0.06390590411849512,-2.7503435240815346,-1.6661025250228259,0.21171721447851688,-1.55250378823553,-2.0605746472152084,0.1427049722682177,-1.9469759101994943,3
Theater,Lockere Chefin,Sophie,Anna,schlecht,-0.92939499325611,0.45585618071861134,-0.7855779121562068,-3.5233414501652898,0.03406365260164325,-3.3795243663490733,-3.7320416302190007,0.027647373421085104,-3.5882245457214847,-1.1320107311711491,0.3722484950437188,-0.9881936500219756,-2.349417957733649,0.11018429821494138,-2.2056008759455428,3
Theater,Lockere Chefin,Miriam,Anna,schrecklich,-0.8421543562446514,0.5017939667666534,-0.6895656681060427,-3.754849287274925,0.027262024222240094,-3.6022605956674947,-3.611538740399925,0.03146277894965255,-3.458950049282242,-1.255387159589378,0.33194085562276177,-1.1027984713487955,-2.3824776136909405,0.10754037443869208,-2.2298889248217333,3
Theater,Gefürchtete Chefin,Anna,Katharina,großartig,-1.0006970589663917,0.49703175640069874,-0.6991013585471195,-4.552042884161704,0.01425785659864869,-4.250447176929949,-2.7392090981509623,0.08736911815625857,-2.4376133967883153,-2.0401620095279154,0.17577222305590373,-1.7385663087409193,-1.790724677374595,0.22556904578849007,-1.4891289767131939,3
Theater,Gefürchtete Chefin,Luisa,Miriam,gut,-0.7130388344043926,0.5716011619447058,-0.5593137999601465,-4.345826538872166,0.015114488307686158,-4.192101497986699,-3.0909513557666974,0.053012564817576734,-2.937226319611053,-1.799310120415135,0.19289966684744644,-1.6455850856274317,-1.9412607277149396,0.16737211808258481,-1.7875356928481694,3
Theater,Gefürchtete Chefin,Sophie,Katharina,okay,-0.7320875458674989,0.5500928034420567,-0.5976682812767219,-4.266534262176092,0.016048899515535734,-4.132114991536146,-3.1931108765559753,0.046949082661404164,-3.0586916100170187,-1.5635923676448427,0.2395068878544708,-1.4291731028183285,-2.049008779998358,0.14740232652653273,-1.914589514910953,3
Theater,Gefürchtete Chefin,Anna,Luisa,schlecht,-0.8022902353221038,0.5546858782522027,-0.5893533104166323,-3.8621485574656584,0.02601162741288707,-3.6492116288960346,-3.6656554086619475,0.031659453571874475,-3.452718480778144,-1.6277850015574553,0.24296252228104365,-1.4148480764206801,-2.1461642129832366,0.14468051848199207,-1.9332272875668692,3
Theater,Gefürchtete Chefin,Miriam,Katharina,schrecklich,-0.8660517267455017,0.4991840215143163,-0.6947804704233276,-4.333109908508197,0.015578887411994188,-4.161838645967406,-3.249890380309955,0.04602276451302855,-3.07861912201527,-1.5271254114378847,0.25772706146898844,-1.3558541549280303,-1.877841048644916,0.18148726509167248,-1.706569791972066,3
Gitarre,Enge Freundin,Katharina,Sophie,großartig,-0.9801051621262649,0.4186521012532738,-0.8707150109885693,-3.8102576737229445,0.024702087547555856,-3.70086751877587,-3.071160078508101,0.05172728255777853,-2.9617699256760512,-1.2649028305832961,0.3148960547026651,-1.1555126793668973,-1.7700030808274367,0.19002247393872673,-1.6606129294023493,3
Gitarre,Enge Freundin,Luisa,Sophie,gut,-0.8243647999992598,0.5048387121190347,-0.6835162824644743,-4.013825554393791,0.02079636562608293,-3.8729770322485564,-3.5949164815178145,0.03161675857923605,-3.4540679610182328,-1.3438083119621504,0.3003040568904345,-1.2029597942924521,-2.089654106639885,0.14244410678521177,-1.9488055886011526,3
Gitarre,Enge Freundin,Katharina,Miriam,okay,-0.7721505177630362,0.5411525952835163,-0.614053978200526,-4.041988850892919,0.020570601965216477,-3.8838923066538924,-4.325953007997411,0.01548541805321683,-4.167856462162003,-1.3573040974749502,0.3014329854211647,-1.199207557765482,-2.2671036732806145,0.1213583992768856,-2.1090071330788893,3
Gitarre,Enge Freundin,Katharina,Miriam,schlecht,-0.8901066115153412,0.47663140444737145,-0.741011823606734,-3.8576015761149507,0.024514100695065724,-3.708506784336864,-4.044392042423544,0.020337328183673425,-3.8952972498076757,-1.1667541792643648,0.3614399402528455,-1.017659391288892,-2.2940162947428804,0.11707722642104382,-2.1449215061899416,3
Gitarre,Enge Freundin,Sophie,Katharina,schrecklich,-0.8151792940061717,0.49041408716350604,-0.7125051687052127,-4.111691897765937,0.018151215103355847,-4.009017767159614,-3.6463827546995313,0.028905926675774976,-3.5437086261429833,-1.1650556978147655,0.34563168237413927,-1.0623815724283903,-2.2491354402464063,0.11689708868322399,-2.1464613142939033,3
Gitarre,Entfernte Kollegin,Anna,Sophie,großartig,-1.0030280526805173,0.42298567839492573,-0.8604169574950109,-3.715331214301611,0.028079370466710916,-3.572720115791186,-3.228423255317236,0.0456929088568357,-3.0858121581796207,-1.2235881265330564,0.3392638921252037,-1.0809770312892089,-1.950633185737158,0.16397815015632394,-1.808022090178229,3
Gitarre,Entfernte Kollegin,Luisa,Katharina,gut,-0.8258707327242827,0.5642880156459308,-0.5721904916135074,-4.128666142880532,0.020754630471518182,-3.8749858971287696,-3.620401601254556,0.03450257361050962,-3.366721357422661,-1.6415655416842434,0.24960258131069857,-1.3878853003500458,-2.2873670858736967,0.13085219896134276,-2.033686844175915,3
Gitarre,Entfernte Kollegin,Katharina,Miriam,okay,-0.875983015702664,0.535373577645191,-0.6247904996082609,-3.99939991633743,0.02355994156582867,-3.748207396185319,-4.115967528031765,0.02096763937104905,-3.864775007354894,-1.4395969073042265,0.3047070696076633,-1.188404391068425,-2.410614744828641,0.11539177181026798,-2.15942222805441,3
Gitarre,Entfernte Kollegin,Miriam,Katharina,schlecht,-0.7486362497543105,0.5289665856475947,-0.6368300140572107,-4.11925506994474,0.018179715590598083,-4.0074488289360515,-3.8260498087142714,0.02437387119288102,-3.7142435691034654,-1.2201728861068497,0.33009768585004745,-1.1083666502958571,-2.4307022134994276,0.09838214171887871,-2.318895976974931,3
Gitarre,Entfernte Kollegin,Sophie,Katharina,schrecklich,-0.7912800503897706,0.5112635813046881,-0.6708700068832271,-4.046126623265747,0.019727995119398982,-3.925716574885858,-3.7879364682364502,0.025539565911859304,-3.6675264210100074,-1.1919872952628174,0.3424679329960874,-1.0715772516598694,-2.4130356503653565,0.10100092466796626,-2.2926256060643166,3
Gitarre,Lockere Chefin,Luisa,Anna,großartig,-1.0564677434145815,0.43634170217546253,-0.8293296217666155,-3.894491882818879,0.025543976044070604,-3.6673537574852735,-3.708231659430207,0.030773740371182846,-3.4810935347618956,-1.3005778508364565,0.3418306877997394,-1.073439729125126,-2.025862427252472,0.16550989360954474,-1.7987243052294908,3
Gitarre,Lockere Chefin,Katharina,Sophie,gut,-0.9436785755845545,0.430967276819275,-0.841723115381905,-3.851509767601156,0.02352822987203339,-3.749554303380329,-3.440510469505453,0.035488200801585344,-3.3385550067170016,-1.1359164295884607,0.3555956637420853,-1.0339609693366292,-1.970030504295492,0.1544206287650209,-1.8680750436772968,3
Gitarre,Lockere Chefin,Luisa,Sophie,okay,-0.740753823935919,0.5406249235679725,-0.6150295424881927,-3.880882913291388,0.02339673884267031,-3.7551586277545326,-4.062012368857794,0.019520538962490452,-3.9362880824722297,-1.350201303183966,0.29391136934053874,-1.2244770215809722,-2.224989587485724,0.12254642928632804,-2.0992653054069517,3
Gitarre,Lockere Chefin,Sophie,Anna,schlecht,-0.8451626358615397,0.48306320450733,-0.7276077754905088,-3.8428833542453287,0.02410518071690475,-3.7253284899328243,-4.425067192135954,0.013467009407272402,-4.307512324546382,-1.112393623410368,0.36978306235816805,-0.9948387629759206,-2.3286411820041177,0.10958154301032472,-2.211086320927537,3
Gitarre,Lockere Chefin,Katharina,Anna,schrecklich,-0.9680796763364237,0.4512553990193116,-0.7957218045992853,-3.548956980413572,0.03416344354130659,-3.376599105970932,-4.336188425726072,0.015547886683193606,-4.163830547778796,-1.1410132548276346,0.3795931023261158,-0.9686553830486603,-2.2972975871030252,0.11944016843007241,-2.124939714750252,3
Gitarre,Gefürchtete Chefin,Anna,Luisa,großartig,-1.1587169759223244,0.47308135268984874,-0.7484879120661302,-4.006535350556113,0.027424835064065206,-3.5963062832649695,-3.659380733246543,0.0388071151270505,-3.249151667024882,-1.7421405904242777,0.26397218881587126,-1.3319115264006358,-2.0362308614203712,0.19671450830316436,-1.6260017972672063,3
Gitarre,Gefürchtete Chefin,Sophie,Luisa,gut,-0.8781336702508936,0.5111401412021247,-0.6711114772543175,-4.1721781648798,0.018965078359035974,-3.965155966806016,-3.627038852135659,0.03271188997615589,-3.4200166562777317,-1.5282324709100732,0.26681218952510055,-1.3212102777343426,-1.9768008150262841,0.17037070093758294,-1.7697786216383937,3
Gitarre,Gefürchtete Chefin,Sophie,Katharina,okay,-0.6498712896868595,0.5865265072056722,-0.5335374161628071,-4.540143430189789,0.011988474406812276,-4.423809548494887,-4.207303464369477,0.016723011213899575,-4.090969585036135,-1.4884123205706485,0.2535793601335798,-1.3720784468227376,-2.1474985479876403,0.1311826470400362,-2.0311646738717872,3
Gitarre,Gefürchtete Chefin,Anna,Miriam,schlecht,-0.8268683154755633,0.4949955870096219,-0.7032064313832418,-3.8780844409638444,0.023413966935969265,-3.75442255280259,-4.4624140460663835,0.013052805830229572,-4.338752154514896,-1.1911814410859147,0.34386038649707623,-1.0675195569047995,-2.2056887347870866,0.12467725372710302,-2.0820268500947163,3
Gitarre,Gefürchtete Chefin,Sophie,Anna,schrecklich,-0.9870237083774542,0.44157718684532066,-0.8174024453506845,-3.6830877037387824,0.02979345796525871,-3.513466437582032,-4.5101026268344855,0.013030254397743421,-4.34048135635973,-1.0497430534702277,0.4147323980690026,-0.8801217904287995,-2.46357667163429,0.1008667027226745,-2.293955407842574,3
